{
    "means": {
        "shape": [
            3030269,
            3
        ],
        "dtype": "float32",
        "mins": [
            -2.6215749574448326,
            -3.0463397602049596,
            -3.278587806090165
        ],
        "maxs": [
            2.670871194970534,
            1.1754659650377102,
            3.541729706635015
        ],
        "files": [
            "means_l.webp",
            "means_u.webp"
        ]
    },
    "scales": {
        "shape": [
            3030269,
            3
        ],
        "dtype": "float32",
        "mins": [
            -10.257368087768555,
            -10.067551612854004,
            -10.035075187683105
        ],
        "maxs": [
            0.8067693710327148,
            0.657550573348999,
            0.21921873092651367
        ],
        "files": [
            "scales.webp"
        ]
    },
    "quats": {
        "shape": [
            3030269,
            4
        ],
        "dtype": "uint8",
        "encoding": "quaternion_packed",
        "files": [
            "quats.webp"
        ]
    },
    "sh0": {
        "shape": [
            3030269,
            1,
            4
        ],
        "dtype": "float32",
        "mins": [
            -1.7724539041519165,
            -1.7724539041519165,
            -1.7724539041519165,
            -4.430816650390625
        ],
        "maxs": [
            1.7724539041519165,
            1.7724539041519165,
            1.7724539041519165,
            5.537334442138672
        ],
        "files": [
            "sh0.webp"
        ]
    }
}